<?xml version="1.0" encoding="UTF-8" standalone="no"?>
<window xmlns="http://jmix.io/schema/ui/window"
        caption="msg://viewtaskonstatus.caption" >

    <data readOnly="true">
        <collection id="tasksDc"
                    class="com.company.jmix_drill.entity.Task">
            <fetchPlan extends="_base">
                <property name="assignee" fetchPlan="_base"/>
                <property name="project" fetchPlan="_base"/>
                <property name="manager" fetchPlan="_base"/>
            </fetchPlan>
            <loader id="tasksDl">
                <query>
                    <![CDATA[select e from Task_ e]]>
                </query>
            </loader>
        </collection>
        <collection id="tasksDcIncomplete" class="com.company.jmix_drill.entity.Task" fetchPlan="_base">
            <loader id="tasksDl1">
                <query>
                    <![CDATA[select e from Task_ e where e.taskStatus=10]]>
                </query>
            </loader>
        </collection>
        <collection id="tasksDcComplete" class="com.company.jmix_drill.entity.Task" fetchPlan="_base">
            <loader id="tasksDl2">
                <query>
                    <![CDATA[select e from Task_ e where e.taskStatus=20]]>
                </query>
            </loader>
        </collection>
        <collection id="tasksDcOnHold" class="com.company.jmix_drill.entity.Task" fetchPlan="_base">
            <loader id="tasksDl3">
                <query>
                    <![CDATA[select e from Task_ e where e.taskStatus=30]]>
                </query>
            </loader>
        </collection>

    </data>
    <facets>
        <dataLoadCoordinator auto="true"/>
        <screenSettings id="settingsFacet" auto="true"/>
    </facets>

    <layout expand="tasksTable" spacing="true">
        <filter id="filter"
                dataLoader="tasksDl">
            <properties include=".*"/>
        </filter>


        <tabSheet id="tasksTable">
            <tab id="tabAll" caption="All Tasks" icon="font-icon:BOOK">
                <groupTable id="tasksTable1"
                            width="100%"
                            dataContainer="tasksDc">
                    <columns>
                        <column id="project"/>
                        <column id="name"/>
                        <column id="assignee"/>
                        <column id="startDate"/>
                        <column id="estimatedEfforts"/>
                        <column id="taskStatus"/>
                        <column id="manager"/>
                    </columns>
                    <simplePagination/>
<!--                    <buttonsPanel id="buttonsPanel"-->
<!--                                  alwaysVisible="true">-->
<!--                        <button id="createBtn" action="tasksTable.create"/>-->
<!--                        <button id="editBtn" action="tasksTable.edit"/>-->
<!--                        <button id="removeBtn" action="tasksTable.remove"/>-->
<!--                    </buttonsPanel>-->
                </groupTable>
            </tab>
            <tab id="tabIncomplete" caption="IncompleteTask" icon="BATTERY_1" spacing="true">
                <groupTable id="tasksTable2"
                            width="100%"
                            dataContainer="tasksDcIncomplete">
                    <columns>
                        <column id="project"/>
                        <column id="name"/>
                        <column id="assignee"/>
                        <column id="startDate"/>
                        <column id="estimatedEfforts"/>
                        <column id="taskStatus"/>
                        <column id="manager"/>
                    </columns>
                    <simplePagination/>
<!--                    <buttonsPanel id="buttonsPanel1"-->
<!--                                  alwaysVisible="true">-->
<!--                        <button id="createBtn1" action="tasksTable.create"/>-->
<!--                        <button id="editBtn1" action="tasksTable.edit"/>-->
<!--                        <button id="removeBtn1" action="tasksTable.remove"/>-->
<!--                    </buttonsPanel>-->
                </groupTable>
            </tab>
            <tab id="tabComplete" caption="Completed Tasks" icon="CHECK_SQUARE">
                <groupTable id="tasksTable3"
                            width="100%"
                            dataContainer="tasksDcComplete">
                    <columns>
                        <column id="project"/>
                        <column id="name"/>
                        <column id="assignee"/>
                        <column id="startDate"/>
                        <column id="estimatedEfforts"/>
                        <column id="taskStatus"/>
                        <column id="manager"/>
                    </columns>
                    <simplePagination/>
                    <!--                    <buttonsPanel id="buttonsPanel"-->
                    <!--                                  alwaysVisible="true">-->
                    <!--                        <button id="createBtn" action="tasksTable.create"/>-->
                    <!--                        <button id="editBtn" action="tasksTable.edit"/>-->
                    <!--                        <button id="removeBtn" action="tasksTable.remove"/>-->
                    <!--                    </buttonsPanel>-->
                </groupTable>
            </tab>
            <tab id="tabOnHold" caption="Tasks onHold" icon="ANCHOR">
                <groupTable id="tasksTable4"
                            width="100%"
                            dataContainer="tasksDcOnHold">
                    <columns>
                        <column id="project"/>
                        <column id="name"/>
                        <column id="assignee"/>
                        <column id="startDate"/>
                        <column id="estimatedEfforts"/>
                        <column id="taskStatus"/>
                        <column id="manager"/>
                    </columns>
                    <simplePagination/>
                </groupTable>
            </tab>
        </tabSheet>


<!--        <hbox id="lookupActions" spacing="true" visible="false">-->
<!--            <button action="lookupSelectAction"/>-->
<!--            <button action="lookupCancelAction"/>-->
<!--        </hbox>-->
    </layout>

</window>