<?xml version="1.0" encoding="UTF-8" standalone="no"?>
<window xmlns="http://jmix.io/schema/ui/window"
        caption="msg://groupTaskScreen.caption">

    <data readOnly="true">
        <collection id="tasksDc"
                    class="com.company.jmix_drill.entity.Task">
            <fetchPlan extends="_base">
                <property name="assignee" fetchPlan="_base"/>
                <property name="project" fetchPlan="_base"/>
                <property name="manager" fetchPlan="_base"/>
            </fetchPlan>
            <loader id="tasksDl">
                <query>
                    <![CDATA[select e from Task_ e]]>
                </query>
            </loader>
        </collection>
    </data>
    <facets>
        <dataLoadCoordinator auto="true"/>
        <screenSettings id="settingsFacet" auto="true"/>
    </facets>
    <layout>
        <groupTable id="tasksTable"
                    width="100%"
                    dataContainer="tasksDc">

            <columns>
                <group>
                    <column id="project"/>
                </group>
                <column id="name"/>
                <column id="assignee"/>
                <column id="startDate"/>
                <column id="estimatedEfforts"/>
                <column id="taskStatus"/>
                <column id="manager"/>
            </columns>
<!--          -->
<!--            <buttonsPanel id="buttonsPanel"-->
<!--                          alwaysVisible="true">-->
<!--                <button id="createBtn" action="tasksTable.create"/>-->
<!--                <button id="editBtn" action="tasksTable.edit"/>-->
<!--                <button id="removeBtn" action="tasksTable.remove"/>-->
<!--            </buttonsPanel>-->
        </groupTable>

    </layout>
</window>