<?xml version="1.0" encoding="UTF-8" standalone="no"?>
<window xmlns="http://jmix.io/schema/ui/window"
        xmlns:c="http://jmix.io/schema/ui/jpql-condition"
        caption="msg://projectStatBrowse.caption"
        focusComponent="projectStatsTable">
    <data readOnly="true">
        <collection id="projectStatsDc"
                    class="com.company.jmix_drill.entity.ProjectStat">
            <loader id="projectStatsDl"/>
        </collection>
    </data>
    <facets>
        <dataLoadCoordinator auto="true"/>
        <screenSettings id="settingsFacet" auto="true"/>
    </facets>
    <actions>
        <action id="lookupSelectAction"
                caption="msg:///actions.Select"
                icon="LOOKUP_OK"
                primary="true"
                shortcut="${COMMIT_SHORTCUT}"/>
        <action id="lookupCancelAction"
                caption="msg:///actions.Cancel"
                icon="LOOKUP_CANCEL"/>
    </actions>
    <dialogMode height="600"
                width="800"/>
    <layout expand="projectStatsTable" spacing="true">
        <groupTable id="projectStatsTable"
                    width="100%"
                    dataContainer="projectStatsDc">
            <columns>
                <column id="projectId" visible="false"/>
                <column id="projectName"/>
                <column id="tasksCount"/>
                <column id="actualEfforts"/>
                <column id="plannedEfforts"/>
            </columns>
            <buttonsPanel id="buttonsPanel"
                          alwaysVisible="true">
            </buttonsPanel>
        </groupTable>
        <hbox id="lookupActions" spacing="true" visible="false">
            <button action="lookupSelectAction"/>
            <button action="lookupCancelAction"/>
        </hbox>
    </layout>
</window>