<?xml version="1.0" encoding="UTF-8" standalone="no"?>
<window xmlns="http://jmix.io/schema/ui/window"
        xmlns:c="http://jmix.io/schema/ui/jpql-condition"
        caption="msg://timeEntryBrowse.caption"
        focusComponent="timeEntriesTable">
    <data readOnly="true">
        <collection id="timeEntriesDc"
                    class="com.company.jmix_drill.entity.TimeEntry">
            <fetchPlan extends="_base">
                <property name="task" fetchPlan="_base"/>
                <property name="assignee" fetchPlan="_base"/>
            </fetchPlan>
            <loader id="timeEntriesDl">
                <query>
                    <![CDATA[select e from TimeEntry e]]>
                </query>
            </loader>
        </collection>
    </data>
    <facets>
        <dataLoadCoordinator auto="true"/>
        <screenSettings id="settingsFacet" auto="true"/>
    </facets>
    <actions>
        <action id="lookupSelectAction"
                caption="msg:///actions.Select"
                icon="LOOKUP_OK"
                primary="true"
                shortcut="${COMMIT_SHORTCUT}"/>
        <action id="lookupCancelAction"
                caption="msg:///actions.Cancel"
                icon="LOOKUP_CANCEL"/>
    </actions>
    <dialogMode height="600"
                width="800"/>
    <layout expand="timeEntriesTable" spacing="true">
        <filter id="filter"
                dataLoader="timeEntriesDl">
            <properties include=".*"/>
        </filter>
        <groupTable id="timeEntriesTable"
                    width="100%"
                    dataContainer="timeEntriesDc">
            <actions>
                <action id="create" type="create"/>
                <action id="edit" type="edit"/>
                <action id="remove" type="remove"/>
            </actions>
            <columns>
                <column id="task"/>
                <column id="timeSpent"/>
                <column id="entryDate"/>
                <column id="assignee"/>
                <column id="description"/>
            </columns>
            <simplePagination/>
            <buttonsPanel id="buttonsPanel"
                          alwaysVisible="true">
                <button id="createBtn" action="timeEntriesTable.create"/>
                <button id="editBtn" action="timeEntriesTable.edit"/>
                <button id="removeBtn" action="timeEntriesTable.remove"/>
            </buttonsPanel>
        </groupTable>
        <hbox id="lookupActions" spacing="true" visible="false">
            <button action="lookupSelectAction"/>
            <button action="lookupCancelAction"/>
        </hbox>
    </layout>
</window>
