<?xml version="1.0" encoding="UTF-8"?>
<databaseChangeLog
        xmlns="http://www.liquibase.org/xml/ns/dbchangelog"
        xmlns:xsi="http://www.w3.org/2001/XMLSchema-instance"
        xsi:schemaLocation="http://www.liquibase.org/xml/ns/dbchangelog
                      http://www.liquibase.org/xml/ns/dbchangelog/dbchangelog-4.11.xsd"
        objectQuotingStrategy="QUOTE_ONLY_RESERVED_WORDS">
    <changeSet id="1" author="JMIX_Drill">
        <addColumn tableName="TASK_">
            <column name="MANAGER_ID" type="UUID"/>
        </addColumn>
    </changeSet>
    <changeSet id="2" author="JMIX_Drill">
        <createIndex indexName="IDX_TASK__MANAGER" tableName="TASK_">
            <column name="MANAGER_ID"/>
        </createIndex>

        <addForeignKeyConstraint baseColumnNames="MANAGER_ID" baseTableName="TASK_" constraintName="FK_TASK__ON_MANAGER"
                                 referencedColumnNames="ID" referencedTableName="USER_"/>
    </changeSet>
</databaseChangeLog>