<?xml version="1.0" encoding="UTF-8" standalone="no"?>
<window xmlns="http://jmix.io/schema/ui/window"
        xmlns:c="http://jmix.io/schema/ui/jpql-condition"
        caption="msg://taskBrowse.caption"
        focusComponent="tasksTable">
    <data readOnly="true">
        <collection id="tasksDc"
                    class="com.company.jmix_drill.entity.Task">
            <fetchPlan extends="_base">
                <property name="assignee" fetchPlan="_base"/>
                <property name="project" fetchPlan="_base"/>
                <property name="manager" fetchPlan="_base"/>
            </fetchPlan>
            <loader id="tasksDl">
                <query>
                    <![CDATA[select e from Task_ e]]>
                </query>
            </loader>
        </collection>
    </data>
    <facets>
        <dataLoadCoordinator auto="true"/>
        <screenSettings id="settingsFacet" auto="true"/>
    </facets>
    <actions>
        <action id="lookupSelectAction"
                caption="msg:///actions.Select"
                icon="LOOKUP_OK"
                primary="true"
                shortcut="${COMMIT_SHORTCUT}"/>
        <action id="lookupCancelAction"
                caption="msg:///actions.Cancel"
                icon="LOOKUP_CANCEL"/>
    </actions>
    <dialogMode height="600"
                width="800"/>
    <layout expand="tasksTable" spacing="true">
        <filter id="filter"
                dataLoader="tasksDl">
            <properties include=".*"/>
        </filter>

        <groupTable id="tasksTable"
                    width="100%"
                    dataContainer="tasksDc">
            <actions>
                <action id="create" type="create"/>
                <action id="edit" type="edit"/>
                <action id="remove" type="remove"/>
            </actions>

            <columns>

                <column id="project"/>


                <column id="name"/>
                <column id="assignee"/>
                <column id="startDate"/>
                <column id="estimatedEfforts"/>
                <column id="taskStatus"/>
                <column id="manager"/>
            </columns>
            <simplePagination/>
            <buttonsPanel id="buttonsPanel"
                          alwaysVisible="true">
                <button id="createBtn" action="tasksTable.create"/>
                <button id="editBtn" action="tasksTable.edit"/>
                <button id="removeBtn" action="tasksTable.remove"/>
            </buttonsPanel>
        </groupTable>

        <hbox id="lookupActions" spacing="true" visible="false">
            <button action="lookupSelectAction"/>
            <button action="lookupCancelAction"/>
        </hbox>
    </layout>
</window>
