<window xmlns="http://jmix.io/schema/ui/window"
        caption="msg://application.caption">

    <data>
        <collection id="projectsDc" class="com.company.jmix_drill.entity.Project" fetchPlan="_instance_name">
            <loader id="projectsDl">
                <query>
                    <![CDATA[select e from Project e]]>
                </query>
            </loader>
        </collection>
       <collection id="tasksDc" class="com.company.jmix_drill.entity.Task" fetchPlan="_base">
            <loader id="tasksDl">
                <query>
                    <![CDATA[select e from Task_ e]]>
                </query>
            </loader>
        </collection>


    </data>
    <actions>
        <action id="addTaskAction" caption="msg://addTaskAction.caption" icon="PLUS" primary="true"/>
        <action id="refreshAction" caption="msg://refreshAction.caption" icon="REFRESH_ACTION"/>
    </actions>
    <facets>
        <dataLoadCoordinator auto="true"/>
    </facets>
    <layout>
        <cssLayout id="horizontalWrap"
                   stylename="jmix-drawer-layout">
            <drawer id="drawer" expandOnHover="false">
                <cssLayout id="appTitleBox"
                           stylename="jmix-drawer-header"
                           width="100%">
                    <image id="logoImage"
                           stylename="app-icon"
                           scaleMode="SCALE_DOWN">
                        <resource>
                            <theme path="branding/app-icon-menu.svg"/>
                        </resource>
                    </image>
                    <label id="appTitleLabel"
                           stylename="app-title"
                           value="msg://application.logoLabel"/>
                </cssLayout>
                <sideMenu id="sideMenu"
                          width="100%"
                          stylename="jmix-drawer-content"/>
                <timeZoneIndicator id="timeZoneIndicator"
                                   align="MIDDLE_CENTER"/>
                <cssLayout id="controlBox"
                           stylename="jmix-drawer-footer"
                           width="100%">
                    <button id="collapseDrawerButton"
                            icon="CHEVRON_LEFT"
                            stylename="jmix-drawer-collapse-button"
                            description="msg://sideMenuCollapse"/>
                    <userIndicator id="userIndicator"
                                   align="MIDDLE_CENTER"/>
                    <logoutButton id="logoutButton"
                                  icon="SIGN_OUT"
                                  description="msg://logoutBtnDescription"/>
                </cssLayout>
            </drawer>
            <workArea id="workArea"
                      stylename="jmix-workarea"
                      height="100%">
                <initialLayout spacing="true" margin="true" expand="tasksCalender">
                    <hbox id="topBox">
                        <form id="form">
                            <column width="400px">
                                <entityComboBox id="projectSelector" caption="msg://projectSelector.caption"
                                                optionsContainer="projectsDc"></entityComboBox>
                                <textField id="nameSelector" caption="msg://nameSelector.caption"/>
                                <textField id="estimatedEffortsSelector" caption="Estimated Efforts" datatype="int"/>
                                <dateField id="dateSelector" datatype="localDateTime"
                                           caption="msg://dateSelector.caption"/>
                                <hbox spacing="true" width="AUTO">
                                    <button id="addTaskBtn" action="addTaskAction"/>
                                    <button id="refreshBtn" action="refreshAction"/>
                                </hbox>
                            </column>
                        </form>
                        <vbox id="welcomeBox" height="100%">
                            <label value="msg://application.welcomeLabel" align="MIDDLE_CENTER"/>
                        </vbox>
                    </hbox>

                    <calendar id="tasksCalender" dataContainer="tasksDc" firstVisibleHourOfDay="9" lastVisibleHourOfDay="23"
                              navigationButtonsVisible="true" startDateProperty="startDate"
                              endDateProperty="endDate" captionProperty="caption" firstVisibleDayOfWeek="2"
                               ></calendar>

                </initialLayout>
            </workArea>
        </cssLayout>
    </layout>
</window>